{
 "lat0": 56.05121,
 "lon0": -2.81287,
 "mlat": 110946.0,
 "mlon": 62160.734783240616,
 "M": [
  [
   0.09204793884720809,
   0.8600173555413785
  ],
  [
   0.8600173555413785,
   -0.09204793884720809
  ]
 ],
 "t": [
  1070.0778030768772,
  366.6360131687161
 ],
 "ctrl": [
  [
   2135.461505378454,
   690.5885255604362
  ],
  [
   916.0330547102303,
   811.9121601935122
  ],
  [
   1006.8632221827636,
   894.112490433221
  ],
  [
   1073.238578405587,
   486.33691808890677
  ],
  [
   1420.7269170952936,
   703.282180504374
  ],
  [
   1529.7326029150372,
   639.7064214394918
  ],
  [
   1171.34961790039,
   393.1063399481563
  ],
  [
   1460.497211102811,
   353.5073043337384
  ]
 ],
 "w": [
  [
   5.0479707163083065e-05,
   9.582489062139695e-05
  ],
  [
   0.0006681683862532286,
   -0.0004183107586396376
  ],
  [
   -0.0006169812405449097,
   0.0003555508441192354
  ],
  [
   -0.0017491622217335372,
   0.0008267956321500688
  ],
  [
   0.001610414413489168,
   -0.00013548185326848404
  ],
  [
   -0.0013456295633153092,
   -0.00023688101153963677
  ],
  [
   0.0016266026799832084,
   -0.0006918698302731235
  ],
  [
   -0.00024389216129493192,
   0.0002043720868301807
  ]
 ],
 "aff": [
  [
   121.67123705961282,
   -482.14436363130574
  ],
  [
   0.007046662756132149,
   0.01415926209502425
  ],
  [
   -0.06948330049950287,
   0.006703905704645557
  ]
 ]
}