{
 "lat0": 56.05121,
 "lon0": -2.81287,
 "mlat": 110946.0,
 "mlon": 62160.734783240616,
 "M": [
  [
   0.10165345849418167,
   0.8698548227720007
  ],
  [
   0.8698548227720007,
   -0.10165345849418167
  ]
 ],
 "t": [
  1077.2954749176376,
  352.5406350181192
 ],
 "ctrl": [
  [
   2159.172022297441,
   670.0647196248736
  ],
  [
   2057.6562324800366,
   370.61156110769605
  ],
  [
   2153.6572059668642,
   815.4056213212043
  ],
  [
   1761.9715501986586,
   552.6029178153976
  ],
  [
   2005.80085674788,
   529.5893269018278
  ],
  [
   925.704536027415,
   804.8933107051545
  ],
  [
   1018.4774634641036,
   887.2273581850079
  ],
  [
   1081.6726387559072,
   473.70564864162594
  ],
  [
   1435.6344792622772,
   689.9442489749109
  ],
  [
   1545.3766755363986,
   624.5026131069251
  ],
  [
   1180.0925353831801,
   378.3458918272554
  ],
  [
   1472.4625348238035,
   335.4093058346358
  ]
 ],
 "w": [
  [
   -0.0009625750020418267,
   0.0019510913889864085
  ],
  [
   4.590275135628706e-05,
   0.0009174801866800785
  ],
  [
   0.0006521965817235274,
   -0.001069325508127107
  ],
  [
   0.0010349350583800055,
   0.00038012849110139927
  ],
  [
   4.5451785015648266e-05,
   -0.002244891716031861
  ],
  [
   0.0006737682228909142,
   -0.0004909455303849428
  ],
  [
   -0.0006117679768725152,
   0.0005353573116844807
  ],
  [
   -0.0015041060317012658,
   0.0006191644372773919
  ],
  [
   0.0020417290396812274,
   -0.00020264634945389628
  ],
  [
   -0.0026763635912502694,
   0.0004149797167736226
  ],
  [
   0.0012340075961992422,
   -0.00040283367024552706
  ],
  [
   2.6821566619024913e-05,
   -0.0004075587582600473
  ]
 ],
 "aff": [
  [
   380.7601501204409,
   -1047.4019763578037
  ],
  [
   -0.02649746084045727,
   0.11401824865003721
  ],
  [
   -0.08663704835521059,
   -0.2719396720001684
  ]
 ]
}